,Title,Score,Genres,Type,Episodes,Status,Aired,Premiered,Broadcast,Producers,Licensors,Studios,Source,Duration,Rating,Popularity,Members,Favorites,Ranked
0,Fullmetal Alchemist: Brotherhood,9.17,"Action, Military, Adventure, Comedy, Drama, Magic, Fantasy, Shounen",TV,64,Finished Airing,"Apr 5, 2009 to Jul 4, 2010",Spring 2009,Sundays at 17:00 (JST),"Aniplex, Square Enix, Mainichi Broadcasting System, Studio Moriken","Funimation, Aniplex of America",Bones,Manga,24 min. per ep.,R - 17+ (violence & profanity),3,"2,512,177","178,811",1
1,"Shingeki no Kyojin Season 3 Part 2
Attack on Titan Season 3 Part 2",9.11,"Action, Drama, Fantasy, Military, Mystery, Shounen, Super Power",TV,10,Finished Airing,"Apr 29, 2019 to Jul 1, 2019",Spring 2019,Mondays at 00:10 (JST),"Production I.G, Dentsu, Mainichi Broadcasting System, Pony Canyon, Kodansha, Techno Sound, Pony Canyon Enterprise",Funimation,Wit Studio,Manga,23 min. per ep.,R - 17+ (violence & profanity),40,"1,414,351","40,682",2
2,Steins;Gate,9.1,"Sci-Fi, Psychological, Drama, Thriller",TV,24,Finished Airing,"Apr 6, 2011 to Sep 14, 2011",Spring 2011,Wednesdays at 02:05 (JST),"Frontier Works, Media Factory, Movic, AT-X, Kadokawa Pictures Japan, Nitroplus",Funimation,White Fox,Visual novel,24 min. per ep.,PG-13 - Teens 13 or older,11,"1,972,489","152,102",3
3,Fruits Basket: The Final,9.09,"Slice of Life, Comedy, Supernatural, Drama, Romance, Shoujo",TV,13,Finished Airing,"Apr 6, 2021 to Jun 29, 2021",Spring 2021,Tuesdays at 01:30 (JST),"TV Tokyo, TV Osaka, Nihon Ad Systems, Hakusensha, Avex Pictures, TMS Music",Funimation,TMS Entertainment,Manga,23 min. per ep.,PG-13 - Teens 13 or older,803,"205,893","8,139",4
4,"Gintama°
Gintama Season 4",9.09,"Action, Comedy, Historical, Parody, Samurai, Sci-Fi, Shounen",TV,51,Finished Airing,"Apr 8, 2015 to Mar 30, 2016",Spring 2015,Wednesdays at 18:00 (JST),"TV Tokyo, Aniplex, Dentsu","Funimation, Crunchyroll",Bandai Namco Pictures,Manga,24 min. per ep.,PG-13 - Teens 13 or older,337,"452,121","11,652",5
5,"Hunter x Hunter (2011)
Hunter x Hunter",9.07,"Action, Adventure, Fantasy, Shounen, Super Power",TV,148,Finished Airing,"Oct 2, 2011 to Sep 24, 2014",Fall 2011,Sundays at 10:55 (JST),"VAP, Nippon Television Network, Shueisha",VIZ Media,Madhouse,Manga,23 min. per ep.,PG-13 - Teens 13 or older,10,"1,975,665","152,933",6
6,"Ginga Eiyuu Densetsu
Legend of the Galactic Heroes",9.06,"Military, Sci-Fi, Space, Drama",OVA,110,Finished Airing,"Jan 8, 1988 to Mar 17, 1997",,,"TV Tokyo, Kitty Films, Tokuma Shoten, Tokuma Japan Communications",Sentai Filmworks,"Artland, Mushi Production, Magic Bus, K-Factory, Kitty Film Mitaka Studio",Novel,26 min. per ep.,R - 17+ (violence & profanity),654,"250,749","13,161",7
7,"Gintama'
Gintama Season 2",9.06,"Action, Sci-Fi, Comedy, Historical, Parody, Samurai, Shounen",TV,51,Finished Airing,"Apr 4, 2011 to Mar 26, 2012",Spring 2011,Mondays at 18:00 (JST),"TV Tokyo, Aniplex, Dentsu, Trinity Sound, Miracle Robo, Studio Jack, Shueisha","None found, add some",Sunrise,Manga,24 min. per ep.,PG-13 - Teens 13 or older,379,"403,184","6,045",8
8,"Gintama': Enchousen
Gintama: Enchousen",9.04,"Action, Comedy, Historical, Parody, Samurai, Sci-Fi, Shounen",TV,13,Finished Airing,"Oct 4, 2012 to Mar 28, 2013",Fall 2012,Thursdays at 18:00 (JST),"TV Tokyo, Aniplex, Dentsu, Shueisha, Miracle Bus","None found, add some",Sunrise,Manga,24 min. per ep.,PG-13 - Teens 13 or older,672,"244,572","2,396",9
9,"3-gatsu no Lion 2nd Season
March Comes In Like A Lion 2nd Season",8.99,"Drama, Game, Seinen, Slice of Life",TV,22,Finished Airing,"Oct 14, 2017 to Mar 31, 2018",Fall 2017,Saturdays at 23:00 (JST),"Aniplex, Dentsu, NHK, Hakusensha, Asmik Ace, Toy's Factory",Aniplex of America,Shaft,Manga,25 min. per ep.,PG-13 - Teens 13 or older,529,"302,839","12,137",10
10,"Gintama.
Gintama Season 5",8.98,"Action, Comedy, Historical, Parody, Samurai, Sci-Fi, Shounen",TV,12,Finished Airing,"Jan 9, 2017 to Mar 27, 2017",Winter 2017,Mondays at 01:35 (JST),"TV Tokyo, Aniplex, Dentsu, Shueisha","None found, add some",Bandai Namco Pictures,Manga,24 min. per ep.,PG-13 - Teens 13 or older,731,"227,734","2,173",11
11,"Koe no Katachi
A Silent Voice",8.98,"Drama, School, Shounen",Movie,1,Finished Airing,17-Sep-16,,,"Shochiku, Pony Canyon, Kodansha, ABC Animation, Quaras","Eleven Arts, NYAV Post",Kyoto Animation,Manga,2 hr. 10 min.,PG-13 - Teens 13 or older,24,"1,628,148","62,223",12
12,"Shingeki no Kyojin: The Final Season
Attack on Titan Final Season",8.98,"Action, Military, Mystery, Super Power, Drama, Fantasy, Shounen",TV,16,Finished Airing,"Dec 7, 2020 to Mar 29, 2021",Winter 2021,Mondays at 00:10 (JST),"Production I.G, Dentsu, Mainichi Broadcasting System, Pony Canyon, Kodansha, Techno Sound, Pony Canyon Enterprise",Funimation,MAPPA,Manga,23 min. per ep.,R - 17+ (violence & profanity),70,"1,171,990","45,224",13
13,"Clannad: After Story
Clannad ~After Story~",8.95,"Slice of Life, Comedy, Supernatural, Drama, Romance",TV,24,Finished Airing,"Oct 3, 2008 to Mar 27, 2009",Fall 2008,Fridays at 01:59 (JST),"Pony Canyon, TBS, Rakuonsha, Animation Do",Sentai Filmworks,Kyoto Animation,Visual novel,24 min. per ep.,PG-13 - Teens 13 or older,94,"982,447","61,534",14
14,Gintama,8.95,"Action, Comedy, Historical, Parody, Samurai, Sci-Fi, Shounen",TV,201,Finished Airing,"Apr 4, 2006 to Mar 25, 2010",Spring 2006,Thursdays at 18:00 (JST),"TV Tokyo, Aniplex, Dentsu, Trinity Sound, Audio Highs, Miracle Robo, Shueisha","Sentai Filmworks, Crunchyroll",Sunrise,Manga,24 min. per ep.,PG-13 - Teens 13 or older,119,"832,445","48,331",15
15,Gintama Movie 2: Kanketsu-hen - Yorozuya yo Eien Nare,8.94,"Action, Sci-Fi, Comedy, Historical, Parody, Samurai, Shounen",Movie,1,Finished Airing,6-Jul-13,,,"TV Tokyo, Aniplex, Dentsu, Bandai, Warner Bros. Japan, Shueisha","None found, add some",Sunrise,Manga,1 hr. 50 min.,PG-13 - Teens 13 or older,906,"184,664","1,842",16
16,"Kimi no Na wa.
Your Name.",8.92,"Romance, Supernatural, School, Drama",Movie,1,Finished Airing,26-Aug-16,,,"Toho, Sound Team Don Juan, Amuse, JR East Marketing & Communications, Kadokawa, voque ting","Funimation, NYAV Post",CoMix Wave Films,Original,1 hr. 46 min.,PG-13 - Teens 13 or older,9,"2,004,070","71,336",17
17,"Owarimonogatari 2nd Season
Owarimonogatari Second Season",8.92,"Mystery, Comedy, Supernatural, Vampire",TV,7,Finished Airing,"Aug 12, 2017 to Aug 13, 2017",Summer 2017,Not scheduled once per week,"Aniplex, Kodansha",Aniplex of America,Shaft,Light novel,22 min. per ep.,R - 17+ (violence & profanity),525,"303,423","6,727",18
18,"Code Geass: Hangyaku no Lelouch R2
Code Geass: Lelouch of the Rebellion R2",8.91,"Action, Military, Sci-Fi, Super Power, Drama, Mecha",TV,25,Finished Airing,"Apr 6, 2008 to Sep 28, 2008",Spring 2008,Sundays at 17:00 (JST),"Bandai Visual, Mainichi Broadcasting System, Bandai, Bandai Namco Entertainment, Hakuhodo DY Media Partners","Funimation, Bandai Entertainment",Sunrise,Original,24 min. per ep.,R - 17+ (violence & profanity),43,"1,391,929","63,764",19
19,"Gintama.: Shirogane no Tamashii-hen - Kouhan-sen
Gintama.: Silver Soul Arc - Second Half War",8.87,"Action, Sci-Fi, Comedy, Historical, Parody, Samurai, Shounen",TV,14,Finished Airing,"Jul 9, 2018 to Oct 8, 2018",Summer 2018,Mondays at 01:35 (JST),"TV Tokyo, Aniplex, Dentsu, Shueisha","None found, add some",Bandai Namco Pictures,Manga,24 min. per ep.,PG-13 - Teens 13 or older,1234,"132,912",826,20
20,Violet Evergarden Movie,8.84,"Slice of Life, Drama, Fantasy",Movie,1,Finished Airing,18-Sep-20,,,Shochiku,Funimation,Kyoto Animation,Light novel,2 hr. 20 min.,PG-13 - Teens 13 or older,605,"269,276","1,972",21
21,Gintama: The Final,8.83,"Action, Sci-Fi, Comedy, Historical, Parody, Drama, Samurai, Shounen",Movie,1,Finished Airing,8-Jan-21,,,"TV Tokyo, Warner Bros. Japan",Eleven Arts,Bandai Namco Pictures,Manga,1 hr. 44 min.,PG-13 - Teens 13 or older,2518,"45,728",713,22
22,"Haikyuu!!: Karasuno Koukou vs. Shiratorizawa Gakuen Koukou
Haikyu!! 3rd Season",8.82,"Comedy, Sports, Drama, School, Shounen",TV,10,Finished Airing,"Oct 8, 2016 to Dec 10, 2016",Fall 2016,Saturdays at 01:55 (JST),"Dentsu, Mainichi Broadcasting System, Movic, Sony Music Entertainment, TOHO animation, Shueisha",Sentai Filmworks,Production I.G,Manga,24 min. per ep.,PG-13 - Teens 13 or older,112,"859,193","12,680",23
23,Mob Psycho 100 II,8.82,"Action, Slice of Life, Comedy, Supernatural",TV,13,Finished Airing,"Jan 7, 2019 to Apr 1, 2019",Winter 2019,Mondays at 23:00 (JST),"Warner Bros. Japan, KlockWorx, BS Fuji, Hakuhodo DY Music & Pictures, Shogakukan",Funimation,Bones,Web manga,24 min. per ep.,PG-13 - Teens 13 or older,92,"995,231","22,455",24
24,"Gintama.: Shirogane no Tamashii-hen
Gintama.: Silver Soul Arc",8.81,"Action, Comedy, Historical, Parody, Samurai, Sci-Fi, Shounen",TV,12,Finished Airing,"Jan 8, 2018 to Mar 26, 2018",Winter 2018,Mondays at 01:35 (JST),"TV Tokyo, Aniplex, Dentsu, Shueisha","None found, add some",Bandai Namco Pictures,Manga,24 min. per ep.,PG-13 - Teens 13 or older,1130,"146,091",930,25
25,Kizumonogatari III: Reiketsu-hen,8.81,"Action, Mystery, Supernatural, Vampire",Movie,1,Finished Airing,6-Jan-17,,,"Aniplex, Kodansha",Aniplex of America,Shaft,Light novel,1 hr. 23 min.,R - 17+ (violence & profanity),449,"347,857","5,467",26
26,"Sen to Chihiro no Kamikakushi
Spirited Away",8.81,"Adventure, Supernatural, Drama",Movie,1,Finished Airing,20-Jul-01,,,Toho,"Walt Disney Studios, GKIDS",Studio Ghibli,Original,2 hr. 4 min.,PG - Children,41,"1,399,290","24,430",27
27,Monster,8.79,"Drama, Horror, Mystery, Police, Psychological, Seinen, Thriller",TV,74,Finished Airing,"Apr 7, 2004 to Sep 28, 2005",Spring 2004,Wednesdays at 00:40 (JST),"VAP, Shogakukan-Shueisha Productions, Nippon Television Network",VIZ Media,Madhouse,Manga,24 min. per ep.,R+ - Mild Nudity,158,"705,183","29,707",28
28,Monogatari Series: Second Season,8.78,"Mystery, Comedy, Supernatural, Romance, Vampire",TV,26,Finished Airing,"Jul 7, 2013 to Dec 29, 2013",Summer 2013,Sundays at 00:00 (JST),"Aniplex, Kodansha, Cyclone Graphics",Aniplex of America,Shaft,Light novel,24 min. per ep.,R - 17+ (violence & profanity),249,"549,907","20,418",29
29,"Fate/stay night Movie: Heaven's Feel - III. Spring Song
Fate/stay night: Heaven's Feel - III. Spring Song",8.78,"Action, Supernatural, Magic, Fantasy",Movie,1,Finished Airing,15-Aug-20,,,"Aniplex, Notes, Kadokawa",Aniplex of America,ufotable,Visual novel,2 hr. 2 min.,R - 17+ (violence & profanity),861,"193,783","4,462",30
30,Cowboy Bebop,8.77,"Action, Adventure, Comedy, Drama, Sci-Fi, Space",TV,26,Finished Airing,"Apr 3, 1998 to Apr 24, 1999",Spring 1998,Saturdays at 01:00 (JST),Bandai Visual,"Funimation, Bandai Entertainment",Sunrise,Original,24 min. per ep.,R - 17+ (violence & profanity),45,"1,387,911","60,975",31
31,Jujutsu Kaisen (TV),8.77,"Action, Demons, Supernatural, School, Shounen",TV,24,Finished Airing,"Oct 3, 2020 to Mar 27, 2021",Fall 2020,Saturdays at 01:25 (JST),"Mainichi Broadcasting System, TOHO animation, Shueisha, dugout, Sumzap","None found, add some",MAPPA,Manga,23 min. per ep.,R - 17+ (violence & profanity),56,"1,256,848","45,885",32
32,"Shouwa Genroku Rakugo Shinjuu: Sukeroku Futatabi-hen
Descending Stories: Showa Genroku Rakugo Shinju",8.77,"Drama, Historical, Josei",TV,12,Finished Airing,"Jan 7, 2017 to Mar 25, 2017",Winter 2017,Saturdays at 02:25 (JST),"Mainichi Broadcasting System, Kodansha, DAX Production, King Records","None found, add some",Studio Deen,Manga,24 min. per ep.,PG-13 - Teens 13 or older,1080,"152,326","2,663",33
33,"Kimetsu no Yaiba Movie: Mugen Ressha-hen
Demon Slayer -Kimetsu no Yaiba- The Movie: Mugen Train",8.76,"Action, Historical, Demons, Supernatural, Shounen",Movie,1,Finished Airing,16-Oct-20,,,"Aniplex, Shueisha",Aniplex of America,ufotable,Manga,1 hr. 56 min.,R - 17+ (violence & profanity),180,"673,552","7,412",34
34,Mushishi Zoku Shou 2nd Season,8.75,"Adventure, Fantasy, Historical, Mystery, Seinen, Slice of Life, Supernatural",TV,10,Finished Airing,"Oct 19, 2014 to Dec 21, 2014",Fall 2014,Sundays at 00:30 (JST),"Aniplex, Kodansha, Delfi Sound",Aniplex of America,Artland,Manga,23 min. per ep.,PG-13 - Teens 13 or older,768,"214,242","1,152",35
35,"Hajime no Ippo
Fighting Spirit",8.74,"Comedy, Sports, Drama, Shounen",TV,75,Finished Airing,"Oct 4, 2000 to Mar 27, 2002",Fall 2000,Tuesdays at 00:50 (JST),VAP,"Discotek Media, Geneon Entertainment USA",Madhouse,Manga,23 min. per ep.,PG-13 - Teens 13 or older,358,"420,516","15,361",36
36,Odd Taxi,8.73,Mystery,TV,13,Finished Airing,"Apr 6, 2021 to Jun 29, 2021",Spring 2021,Tuesdays at 02:00 (JST),"Pony Canyon, Pony Canyon Enterprise","None found, add some","OLM, P.I.C.S.",Original,23 min. per ep.,PG-13 - Teens 13 or older,1486,"102,257","1,476",37
37,"Mushishi Zoku Shou
MUSHI-SHI -Next Passage-",8.72,"Adventure, Slice of Life, Mystery, Historical, Supernatural, Fantasy, Seinen",TV,10,Finished Airing,"Apr 5, 2014 to Jun 21, 2014",Spring 2014,Saturdays at 00:00 (JST),"Aniplex, Kodansha, Delfi Sound",Aniplex of America,Artland,Manga,24 min. per ep.,PG-13 - Teens 13 or older,673,"244,004","1,279",38
38,"Rurouni Kenshin: Meiji Kenkaku Romantan - Tsuioku-hen
Samurai X: Trust and Betrayal",8.72,"Action, Historical, Drama, Romance, Martial Arts, Samurai, Shounen",OVA,4,Finished Airing,"Feb 20, 1999 to Sep 22, 1999",,,Aniplex,"ADV Films, Aniplex of America",Studio Deen,Manga,30 min. per ep.,R - 17+ (violence & profanity),689,"238,670","5,443",39
39,Vinland Saga,8.71,"Action, Adventure, Drama, Historical, Seinen",TV,24,Finished Airing,"Jul 8, 2019 to Dec 30, 2019",Summer 2019,Mondays at 00:10 (JST),"Production I.G, Dentsu, Kodansha, Twin Engine",Sentai Filmworks,Wit Studio,Manga,24 min. per ep.,R - 17+ (violence & profanity),120,"836,361","21,828",40
40,"Code Geass: Hangyaku no Lelouch
Code Geass: Lelouch of the Rebellion",8.71,"Action, Military, Sci-Fi, Super Power, Drama, Mecha, School",TV,25,Finished Airing,"Oct 6, 2006 to Jul 29, 2007",Fall 2006,Fridays at 01:25 (JST),"Bandai Visual, Mainichi Broadcasting System, Bandai, Sony Music Entertainment, Bandai Namco Entertainment, Hakuhodo DY Media Partners","Funimation, Bandai Entertainment",Sunrise,Original,24 min. per ep.,R - 17+ (violence & profanity),17,"1,752,556","89,027",41
41,Made in Abyss,8.71,"Sci-Fi, Adventure, Mystery, Drama, Fantasy",TV,13,Finished Airing,"Jul 7, 2017 to Sep 29, 2017",Summer 2017,Fridays at 21:30 (JST),"Media Factory, AT-X, Takeshobo, Sony Music Communications, Kadokawa Media House, Cygames, Kanetsu Investment, Global Solutions",Sentai Filmworks,Kinema Citrus,Web manga,25 min. per ep.,R - 17+ (violence & profanity),97,"968,508","31,698",42
42,Made in Abyss Movie 3: Fukaki Tamashii no Reimei,8.71,"Sci-Fi, Adventure, Mystery, Drama, Fantasy",Movie,1,Finished Airing,17-Jan-20,,,"None found, add some",Sentai Filmworks,Kinema Citrus,Web manga,1 hr. 45 min.,R - 17+ (violence & profanity),636,"256,385","1,845",43
43,Great Teacher Onizuka,8.7,"Slice of Life, Comedy, Drama, School, Shounen",TV,43,Finished Airing,"Jun 30, 1999 to Sep 17, 2000",Summer 1999,Wednesdays at 19:30 (JST),"Aniplex, Fuji TV","Discotek Media, Tokyopop",Studio Pierrot,Manga,25 min. per ep.,R - 17+ (violence & profanity),196,"641,520","20,520",44
44,"Mononoke Hime
Princess Mononoke",8.7,"Action, Adventure, Fantasy",Movie,1,Finished Airing,12-Jul-97,,,"Tokuma Shoten, Nippon Television Network",GKIDS,Studio Ghibli,Original,2 hr. 13 min.,PG-13 - Teens 13 or older,98,"961,835","16,355",45
45,"Shigatsu wa Kimi no Uso
Your Lie in April",8.7,"Drama, Music, Romance, School, Shounen",TV,22,Finished Airing,"Oct 10, 2014 to Mar 20, 2015",Fall 2014,Fridays at 01:20 (JST),"Aniplex, Dentsu, Kodansha, Fuji TV, Kyoraku Industrial Holdings",Aniplex of America,A-1 Pictures,Manga,22 min. per ep.,PG-13 - Teens 13 or older,22,"1,658,879","70,512",46
46,"Kaguya-sama wa Kokurasetai?: Tensai-tachi no Renai Zunousen
Kaguya-sama: Love is War Season 2",8.69,"Comedy, Psychological, Romance, School, Seinen",TV,12,Finished Airing,"Apr 11, 2020 to Jun 27, 2020",Spring 2020,Saturdays at 23:30 (JST),"Aniplex, Mainichi Broadcasting System, Shueisha, JR East Marketing & Communications",Aniplex of America,A-1 Pictures,Manga,24 min. per ep.,PG-13 - Teens 13 or older,122,"830,927","15,710",47
47,"Haikyuu!! Second Season
Haikyu!! 2nd Season",8.68,"Comedy, Sports, Drama, School, Shounen",TV,25,Finished Airing,"Oct 4, 2015 to Mar 27, 2016",Fall 2015,Sundays at 02:58 (JST),"Dentsu, Mainichi Broadcasting System, Movic, Sony Music Entertainment, TOHO animation, Shueisha",Sentai Filmworks,Production I.G,Manga,24 min. per ep.,PG-13 - Teens 13 or older,86,"1,033,063","13,431",48
48,"Mushishi
Mushi-Shi",8.68,"Adventure, Slice of Life, Mystery, Historical, Supernatural, Fantasy, Seinen",TV,26,Finished Airing,"Oct 23, 2005 to Jun 19, 2006",Fall 2005,Sundays at 03:40 (JST),"Avex Entertainment, Marvelous, SKY Perfect Well Think, Delfi Sound",Funimation,Artland,Manga,25 min. per ep.,PG-13 - Teens 13 or older,177,"667,873","22,669",49
49,"Ashita no Joe 2
Rocky Joe 2",8.67,"Action, Drama, Shounen, Slice of Life, Sports",TV,47,Finished Airing,"Oct 13, 1980 to Aug 31, 1981",Fall 1980,Unknown,Annapuru,"None found, add some",Tokyo Movie Shinsha,Manga,24 min. per ep.,PG-13 - Teens 13 or older,2951,"34,260","1,616",50
50,"Hajime no Ippo: New Challenger
Fighting Spirit: New Challenger",8.66,"Comedy, Sports, Drama, Shounen",TV,26,Finished Airing,"Jan 7, 2009 to Jul 1, 2009",Winter 2009,Wednesdays at 01:29 (JST),"VAP, Kodansha, Nippon Television Network","None found, add some",Madhouse,Manga,23 min. per ep.,PG-13 - Teens 13 or older,758,"216,595","1,435",51
51,"Howl no Ugoku Shiro
Howl's Moving Castle",8.66,"Adventure, Drama, Fantasy, Romance",Movie,1,Finished Airing,20-Nov-04,,,"d-rights, Tokuma Shoten",Walt Disney Studios,Studio Ghibli,Novel,1 hr. 59 min.,G - All Ages,99,"957,912","18,598",52
52,"Natsume Yuujinchou Shi
Natsume's Book of Friends Season 4",8.66,"Slice of Life, Demons, Supernatural, Drama, Shoujo",TV,13,Finished Airing,"Jan 3, 2012 to Mar 27, 2012",Winter 2012,Tuesdays at 01:30 (JST),"TV Tokyo, Aniplex, Nihon Ad Systems, Hakusensha, Sony Music Entertainment","NIS America, Inc.",Brain's Base,Manga,24 min. per ep.,PG-13 - Teens 13 or older,811,"204,846","1,754",53
53,"Seishun Buta Yarou wa Yumemiru Shoujo no Yume wo Minai
Rascal Does Not Dream of a Dreaming Girl",8.66,"Supernatural, Drama, Romance, School",Movie,1,Finished Airing,15-Jun-19,,,"Aniplex, Tokyo MX, Hakuhodo DY Music & Pictures, Nagoya Broadcasting Network, BS11, ABC Animation, Kadokawa",Aniplex of America,CloverWorks,Light novel,1 hr. 30 min.,PG-13 - Teens 13 or older,336,"456,954","7,258",54
54,"Tengen Toppa Gurren Lagann
Gurren Lagann",8.65,"Action, Sci-Fi, Adventure, Comedy, Mecha",TV,27,Finished Airing,"Apr 1, 2007 to Sep 30, 2007",Spring 2007,Sundays at 08:30 (JST),"TV Tokyo, Aniplex, Dentsu, Konami, Half H.P Studio, Bandai","ADV Films, Bandai Entertainment, Aniplex of America",Gainax,Original,24 min. per ep.,PG-13 - Teens 13 or older,51,"1,309,362","66,367",55
55,Violet Evergarden,8.65,"Slice of Life, Drama, Fantasy",TV,13,Finished Airing,"Jan 11, 2018 to Apr 5, 2018",Winter 2018,Thursdays at 00:00 (JST),"Lantis, Pony Canyon, Rakuonsha, ABC Animation",Funimation,Kyoto Animation,Light novel,24 min. per ep.,PG-13 - Teens 13 or older,58,"1,236,793","39,365",56
56,"Natsume Yuujinchou Roku
Natsume's Book of Friends Season 6",8.64,"Slice of Life, Demons, Supernatural, Drama, Shoujo",TV,11,Finished Airing,"Apr 12, 2017 to Jun 21, 2017",Spring 2017,Wednesdays at 01:35 (JST),"TV Tokyo, Aniplex, Nihon Ad Systems, Hakusensha","None found, add some",Shuka,Manga,23 min. per ep.,PG-13 - Teens 13 or older,1125,"146,838",882,57
57,"Suzumiya Haruhi no Shoushitsu
The Disappearance of Haruhi Suzumiya",8.64,"Comedy, Mystery, Romance, School, Sci-Fi, Supernatural",Movie,1,Finished Airing,6-Feb-10,,,"Kadokawa Shoten, Animation Do","Funimation, Bandai Entertainment",Kyoto Animation,Light novel,2 hr. 42 min.,PG-13 - Teens 13 or older,278,"516,025","11,549",58
58,"Shingeki no Kyojin Season 3
Attack on Titan Season 3",8.63,"Action, Military, Mystery, Super Power, Drama, Fantasy, Shounen",TV,12,Finished Airing,"Jul 23, 2018 to Oct 15, 2018",Summer 2018,Mondays at 00:35 (JST),"Production I.G, Dentsu, Mainichi Broadcasting System, Pony Canyon, Kodansha, Techno Sound, Pony Canyon Enterprise",Funimation,Wit Studio,Manga,23 min. per ep.,R - 17+ (violence & profanity),32,"1,548,086","15,011",59
59,Death Note,8.63,"Mystery, Police, Psychological, Supernatural, Thriller, Shounen",TV,37,Finished Airing,"Oct 4, 2006 to Jun 27, 2007",Fall 2006,Wednesdays at 00:56 (JST),"VAP, Konami, Ashi Production, Nippon Television Network, Shueisha",VIZ Media,Madhouse,Manga,23 min. per ep.,R - 17+ (violence & profanity),1,"2,939,644","134,156",60
60,"Josee to Tora to Sakana-tachi
Josee, the Tiger and the Fish",8.63,"Slice of Life, Drama, Romance",Movie,1,Finished Airing,25-Dec-20,,,"Shochiku, Kadokawa, Sonilude",Funimation,Bones,Novel,1 hr. 38 min.,PG-13 - Teens 13 or older,1275,"133,964","1,843",61
61,"Fumetsu no Anata e
To Your Eternity",8.62,"Adventure, Drama, Shounen, Supernatural",TV,20,Currently Airing,"Apr 12, 2021 to ?",Spring 2021,Mondays at 22:50 (JST),"NHK, NHK Enterprises","None found, add some",Brain's Base,Manga,25 min. per ep.,R - 17+ (violence & profanity),346,"438,871","5,687",62
62,Mushishi Zoku Shou: Suzu no Shizuku,8.62,"Adventure, Fantasy, Historical, Mystery, Seinen, Slice of Life, Supernatural",Movie,1,Finished Airing,16-May-15,,,"Aniplex, Kodansha, Delfi Sound","None found, add some",Artland,Manga,47 min.,PG-13 - Teens 13 or older,1471,"103,607",179,63
63,"Ookami Kodomo no Ame to Yuki
Wolf Children",8.62,"Fantasy, Slice of Life",Movie,1,Finished Airing,21-Jul-12,,,"Madhouse, VAP, Dentsu, Yomiuri Telecasting, Kadokawa Shoten, Toho, Hiroshima Television",Funimation,Studio Chizu,Original,1 hr. 57 min.,G - All Ages,178,"663,650","9,759",64
64,Ping Pong the Animation,8.62,"Drama, Psychological, Seinen, Sports",TV,11,Finished Airing,"Apr 11, 2014 to Jun 20, 2014",Spring 2014,Fridays at 00:50 (JST),"Aniplex, Dentsu, Fuji TV, Kyoraku Industrial Holdings, Science SARU",Funimation,Tatsunoko Production,Manga,23 min. per ep.,PG-13 - Teens 13 or older,538,"296,728","12,052",65
65,"Kizumonogatari II: Nekketsu-hen
Kizumonogatari Part 2: Nekketsu",8.61,"Action, Mystery, Supernatural, Vampire",Movie,1,Finished Airing,19-Aug-16,,,"Aniplex, Kodansha",Aniplex of America,Shaft,Light novel,1 hr. 4 min.,R - 17+ (violence & profanity),459,"341,082","1,883",66
66,"Yakusoku no Neverland
The Promised Neverland",8.6,"Sci-Fi, Mystery, Horror, Psychological, Thriller, Shounen",TV,12,Finished Airing,"Jan 10, 2019 to Mar 29, 2019",Winter 2019,Fridays at 00:55 (JST),"Aniplex, Dentsu, Fuji TV, Shueisha, CA-Cygames Anime Fund",Aniplex of America,CloverWorks,Manga,22 min. per ep.,R - 17+ (violence & profanity),46,"1,386,096","29,236",67
67,"Yojouhan Shinwa Taikei
The Tatami Galaxy",8.6,"Mystery, Comedy, Psychological, Romance",TV,11,Finished Airing,"Apr 23, 2010 to Jul 2, 2010",Spring 2010,Fridays at 00:45 (JST),"Dentsu, Kadokawa Shoten, Fuji TV, Toho, Asmik Ace, Tohokushinsha Film Corporation, Sony Music Entertainment, Fujipacific Music",Funimation,Madhouse,Novel,23 min. per ep.,R - 17+ (violence & profanity),460,"341,589","14,575",68
68,"Natsume Yuujinchou San
Natsume's Book of Friends Season 3",8.59,"Slice of Life, Demons, Supernatural, Drama, Shoujo",TV,13,Finished Airing,"Jul 5, 2011 to Sep 27, 2011",Summer 2011,Tuesdays at 01:30 (JST),"Aniplex, Sakura Create","NIS America, Inc.",Brain's Base,Manga,24 min. per ep.,PG-13 - Teens 13 or older,782,"212,208","1,209",69
69,"Shouwa Genroku Rakugo Shinjuu
Showa Genroku Rakugo Shinju",8.59,"Drama, Historical, Josei",TV,13,Finished Airing,"Jan 9, 2016 to Apr 2, 2016",Winter 2016,Saturdays at 02:25 (JST),"Starchild Records, Mainichi Broadcasting System, Kodansha, DAX Production","None found, add some",Studio Deen,Manga,26 min. per ep.,PG-13 - Teens 13 or older,682,"240,526","5,054",70
70,"Tensei shitara Slime Datta Ken 2nd Season Part 2
That Time I Got Reincarnated as a Slime Season 2 Part 2",8.59,"Action, Adventure, Comedy, Demons, Magic, Fantasy",TV,12,Currently Airing,"Jul 6, 2021 to ?",Summer 2021,Tuesdays at 23:00 (JST),"None found, add some","None found, add some",8bit,Light novel,Unknown,PG-13 - Teens 13 or older,784,"212,245","3,028",71
71,"Hajime no Ippo: Rising
Hajime No Ippo: The Fighting!",8.59,"Comedy, Sports, Drama, Shounen",TV,25,Finished Airing,"Oct 6, 2013 to Mar 29, 2014",Fall 2013,Sundays at 01:35 (JST),"VAP, Kodansha, Nippon Television Network","None found, add some","Madhouse, MAPPA",Manga,22 min. per ep.,PG-13 - Teens 13 or older,881,"190,599",929,72
72,"JoJo no Kimyou na Bouken Part 5: Ougon no Kaze
JoJo's Bizarre Adventure: Golden Wind",8.59,"Action, Adventure, Shounen",TV,39,Finished Airing,"Oct 6, 2018 to Jul 28, 2019",Fall 2018,Saturdays at 01:05 (JST),"Warner Bros. Japan, KlockWorx, Medicos Entertainment, Shueisha",VIZ Media,David Production,Manga,23 min. per ep.,R - 17+ (violence & profanity),191,"651,288","21,183",73
73,"Kimetsu no Yaiba
Demon Slayer: Kimetsu no Yaiba",8.59,"Action, Demons, Historical, Shounen, Supernatural",TV,26,Finished Airing,"Apr 6, 2019 to Sep 28, 2019",Spring 2019,Saturdays at 23:30 (JST),"Aniplex, Shueisha",Aniplex of America,ufotable,Manga,23 min. per ep.,R - 17+ (violence & profanity),15,"1,848,250","59,055",74
74,"Kimi no Suizou wo Tabetai
I want to eat your pancreas",8.59,"Slice of Life, Drama, Romance",Movie,1,Finished Airing,1-Sep-18,,,Aniplex,Aniplex of America,Studio VOLN,Novel,1 hr. 48 min.,PG-13 - Teens 13 or older,239,"576,422","12,798",75
75,"Fate/Zero 2nd Season
Fate/Zero Season 2",8.58,"Action, Supernatural, Magic, Fantasy",TV,12,Finished Airing,"Apr 8, 2012 to Jun 24, 2012",Spring 2012,Sundays at 00:00 (JST),"Aniplex, Nitroplus, Seikaisha, Notes",Aniplex of America,ufotable,Light novel,24 min. per ep.,R - 17+ (violence & profanity),110,"886,761","17,388",76
76,"Natsume Yuujinchou Go
Natsume's Book of Friends Season 5",8.58,"Slice of Life, Demons, Supernatural, Drama, Shoujo",TV,11,Finished Airing,"Oct 5, 2016 to Dec 21, 2016",Fall 2016,Wednesdays at 01:35 (JST),"TV Tokyo, Aniplex, Nihon Ad Systems, Hakusensha","None found, add some",Shuka,Manga,23 min. per ep.,PG-13 - Teens 13 or older,1124,"146,407",655,77
77,Re:Zero kara Hajimeru Isekai Seikatsu 2nd Season Part 2,8.57,"Drama, Fantasy, Psychological, Thriller",TV,12,Finished Airing,"Jan 6, 2021 to Mar 24, 2021",Winter 2021,Wednesdays at 22:30 (JST),Kadokawa,"None found, add some",White Fox,Light novel,28 min. per ep.,R - 17+ (violence & profanity),266,"532,123","8,942",78
78,"Tengen Toppa Gurren Lagann Movie 2: Lagann-hen
Gurren Lagann The Movie: The Lights in the Sky are Stars",8.57,"Action, Sci-Fi, Space, Super Power, Mecha",Movie,1,Finished Airing,22-Apr-09,,,Aniplex,Aniplex of America,Gainax,Original,2 hr. 5 min.,R+ - Mild Nudity,931,"178,462",784,79
79,"Bakuman. 3rd Season
Bakuman.",8.57,"Comedy, Drama, Romance, Shounen",TV,25,Finished Airing,"Oct 6, 2012 to Mar 30, 2013",Fall 2012,Unknown,"NHK, Shueisha","None found, add some",J.C.Staff,Manga,24 min. per ep.,PG-13 - Teens 13 or older,566,"283,217","2,707",80
80,"Fate/stay night Movie: Heaven's Feel - II. Lost Butterfly
Fate/stay night: Heaven's Feel - II. Lost Butterfly",8.57,"Action, Fantasy, Magic, Supernatural",Movie,1,Finished Airing,12-Jan-19,,,"Aniplex, Notes, Kadokawa",Aniplex of America,ufotable,Visual novel,1 hr. 57 min.,R - 17+ (violence & profanity),650,"251,632","2,684",81
81,Fruits Basket 2nd Season,8.57,"Slice of Life, Comedy, Supernatural, Drama, Romance, Shoujo",TV,25,Finished Airing,"Apr 7, 2020 to Sep 22, 2020",Spring 2020,Tuesdays at 01:30 (JST),"TV Tokyo, TV Osaka, Nihon Ad Systems, Hakusensha, Avex Pictures, TMS Music",Funimation,TMS Entertainment,Manga,23 min. per ep.,PG-13 - Teens 13 or older,576,"283,670","3,800",82
82,"Mushishi: Hihamukage
The Shadow that Devours the Sun",8.56,"Adventure, Slice of Life, Mystery, Historical, Supernatural, Fantasy, Seinen",Special,1,Finished Airing,4-Jan-14,,,"Aniplex, Kodansha, Delfi Sound","None found, add some",Artland,Manga,45 min.,PG-13 - Teens 13 or older,1384,"113,002",154,83
83,One Piece,8.56,"Action, Adventure, Comedy, Super Power, Drama, Fantasy, Shounen",TV,Unknown,Currently Airing,"Oct 20, 1999 to ?",Fall 1999,Sundays at 09:30 (JST),"Fuji TV, TAP, Shueisha","Funimation, 4Kids Entertainment",Toei Animation,Manga,24 min.,PG-13 - Teens 13 or older,31,"1,545,565","123,746",84
84,"Vivy: Fluorite Eye's Song
Vivy -Fluorite Eye's Song-",8.56,"Action, Music, Sci-Fi, Thriller",TV,13,Finished Airing,"Apr 3, 2021 to Jun 19, 2021",Spring 2021,Saturdays at 23:30 (JST),Aniplex,Aniplex of America,Wit Studio,Original,24 min. per ep.,R - 17+ (violence & profanity),634,"254,880","4,456",85
85,"Zoku Natsume Yuujinchou
Natsume's Book of Friends Season 2",8.56,"Slice of Life, Demons, Supernatural, Drama, Shoujo",TV,13,Finished Airing,"Jan 6, 2009 to Mar 31, 2009",Winter 2009,Tuesdays at 01:00 (JST),"Aniplex, Nihon Ad Systems","NIS America, Inc.",Brain's Base,Manga,24 min. per ep.,PG-13 - Teens 13 or older,792,"210,840","1,305",86
86,"Shiguang Dailiren
Link Click",8.55,"Super Power, Drama, Fantasy",ONA,11,Currently Airing,"Apr 30, 2021 to ?",,,bilibili,Funimation,Haoliners Animation League,Original,20 min. per ep.,PG-13 - Teens 13 or older,2708,"39,796",802,87
87,"Sora yori mo Tooi Basho
A Place Further Than The Universe",8.55,"Adventure, Comedy, Drama",TV,13,Finished Airing,"Jan 2, 2018 to Mar 27, 2018",Winter 2018,Tuesdays at 20:30 (JST),"Media Factory, Movic, AT-X, Sony Music Communications, Docomo Anime Store, Kadokawa Media House, Kadokawa, NewGin, Crunchyroll SC Anime Fund","None found, add some",Madhouse,Original,23 min. per ep.,PG-13 - Teens 13 or older,404,"380,355","10,964",88
88,"Yuru Camp△ Season 2
Laid-Back Camp Season 2",8.55,"Slice of Life, Comedy",TV,13,Finished Airing,"Jan 7, 2021 to Apr 1, 2021",Winter 2021,Thursdays at 23:00 (JST),"Half H.P Studio, MAGES., DeNA","None found, add some",C-Station,Manga,23 min. per ep.,PG-13 - Teens 13 or older,1164,"141,841","1,795",89
89,Haikyuu!!: To the Top 2nd Season,8.55,"Comedy, Sports, Drama, School, Shounen",TV,12,Finished Airing,"Oct 3, 2020 to Dec 19, 2020",Fall 2020,Saturdays at 02:25 (JST),"Dentsu, Mainichi Broadcasting System, Movic, Sony Music Entertainment, TOHO animation, Shueisha","None found, add some",Production I.G,Manga,23 min. per ep.,PG-13 - Teens 13 or older,313,"484,241","4,133",90
90,"Kara no Kyoukai 5: Mujun Rasen
the Garden of sinners Chapter 5: Paradox Paradigm",8.55,"Action, Mystery, Supernatural, Drama, Romance, Thriller",Movie,1,Finished Airing,16-Aug-08,,,Notes,Aniplex of America,ufotable,Light novel,1 hr. 54 min.,R - 17+ (violence & profanity),826,"199,578","3,922",91
91,"Koukaku Kidoutai: Stand Alone Complex 2nd GIG
Ghost in the Shell: Stand Alone Complex 2nd GIG",8.54,"Action, Military, Sci-Fi, Mystery, Police, Mecha, Seinen",TV,26,Finished Airing,"Jan 1, 2004 to Jan 8, 2005",Winter 2004,Unknown,"Bandai Visual, Dentsu, Victor Entertainment, Kodansha, Tokuma Shoten, Nippon Television Network","Bandai Entertainment, Manga Entertainment",Production I.G,Manga,25 min. per ep.,R - 17+ (violence & profanity),831,"198,644","2,744",92
92,One Punch Man,8.54,"Action, Sci-Fi, Comedy, Parody, Super Power, Supernatural",TV,12,Finished Airing,"Oct 5, 2015 to Dec 21, 2015",Fall 2015,Mondays at 01:05 (JST),"TV Tokyo, Bandai Visual, Lantis, Asatsu DK, Banpresto, Good Smile Company, Shueisha, JR East Marketing & Communications",VIZ Media,Madhouse,Web manga,24 min. per ep.,R - 17+ (violence & profanity),5,"2,404,085","51,094",93
93,Neon Genesis Evangelion: The End of Evangelion,8.53,"Sci-Fi, Dementia, Psychological, Drama, Mecha",Movie,1,Finished Airing,19-Jul-97,,,"TV Tokyo, Toei Animation, Kadokawa Shoten, Movic, Sega, TV Tokyo Music, Audio Tanaka","GKIDS, Manga Entertainment","Gainax, Production I.G",Original,1 hr. 27 min.,R+ - Mild Nudity,189,"651,640","18,918",94
94,Slam Dunk,8.53,"Comedy, Drama, School, Shounen, Sports",TV,101,Finished Airing,"Oct 16, 1993 to Mar 23, 1996",Fall 1993,Unknown,"TV Asahi, Animax","Flatiron Film Company, Geneon Entertainment USA",Toei Animation,Manga,23 min. per ep.,PG-13 - Teens 13 or older,748,"221,737","5,260",95
95,"Gintama.: Porori-hen
Gintama.: Slip Arc",8.53,"Action, Comedy, Historical, Parody, Samurai, Sci-Fi, Shounen",TV,13,Finished Airing,"Oct 2, 2017 to Dec 25, 2017",Fall 2017,Mondays at 01:35 (JST),"TV Tokyo, Aniplex, Dentsu, Shueisha","None found, add some",Bandai Namco Pictures,Manga,23 min. per ep.,PG-13 - Teens 13 or older,1146,"144,330",730,96
96,"Ansatsu Kyoushitsu 2nd Season
Assassination Classroom Second Season",8.52,"Action, Comedy, School, Shounen",TV,25,Finished Airing,"Jan 8, 2016 to Jul 1, 2016",Winter 2016,Fridays at 01:25 (JST),"Dentsu, Studio Hibari, Fuji TV, DAX Production, Avex Pictures, Shueisha, Kansai Telecasting",Funimation,Lerche,Manga,23 min. per ep.,PG-13 - Teens 13 or older,85,"1,038,596","14,539",97
97,"Gintama Movie 1: Shinyaku Benizakura-hen
Gintama: The Movie",8.52,"Action, Sci-Fi, Comedy, Historical, Parody, Samurai, Shounen",Movie,1,Finished Airing,24-Apr-10,,,"TV Tokyo, Aniplex, Dentsu, Bandai, Warner Bros. Japan, Shueisha",Sentai Filmworks,Sunrise,Manga,1 hr. 35 min.,R - 17+ (violence & profanity),1278,"126,523",459,98
98,Aria the Origination,8.51,"Sci-Fi, Slice of Life, Fantasy, Shounen",TV,13,Finished Airing,"Jan 8, 2008 to Apr 1, 2008",Winter 2008,Tuesdays at 02:00 (JST),"TV Tokyo, Shochiku, Mag Garden",Nozomi Entertainment,Hal Film Maker,Manga,24 min. per ep.,G - All Ages,1472,"103,704","3,594",99
99,Gintama: The Semi-Final,8.51,"Action, Comedy, Historical, Parody, Samurai, Shounen",Special,2,Finished Airing,"Jan 15, 2021 to Jan 20, 2021",,,"None found, add some","None found, add some",Bandai Namco Pictures,Manga,24 min. per ep.,PG-13 - Teens 13 or older,3081,"32,116",151,100
